msg_id,duration,id,length,res
2,5.001,1,99,False
3,27.199,1,599,False
4,77.045,1,1013,False
8,82.21199999999999,2,354,False
9,115.91799999999999,2,854,False
10,162.511,2,996,False
12,167.67000000000002,3,211,False
13,196.83999999999997,3,711,False
14,245.886,3,1010,False
16,247.415,4,30,False
17,260.569,4,530,False
18,319.16499999999996,4,1010,False
27,319.015,33,414,False
28,356.741,33,914,True
29,405.392,33,1013,True
32,416.07,34,330,False
33,446.72,34,830,True
34,490.61100000000005,34,996,True
36,492.211,35,3,False
37,510.949,35,503,True
38,566.641,35,1003,True
39,606.927,35,1010,True
41,623.666,36,478,False
42,662.374,36,978,True
43,698.817,36,1010,True
50,696.428,1,198,False
51,722.0,1,698,False
52,766.693,1,1013,False
55,769.632,2,339,False
56,808.406,2,839,True
57,846.662,2,996,True
60,860.508,3,480,False
61,898.158,3,980,False
62,939.585,3,1010,False
64,950.106,4,373,False
65,989.343,4,873,False
66,1029.636,4,1010,False
75,1038.136,1,498,True
76,1091.112,1,998,False
77,1144.606,1,1013,False
80,1153.657,2,271,True
81,1184.777,2,771,False
82,1225.4370000000001,2,996,False
84,1227.9260000000002,3,132,False
85,1249.1399999999999,3,632,True
86,1293.611,3,1010,True
98,1277.628,1,31,False
99,1293.442,1,531,False
100,1333.6570000000002,1,1013,False
122,1320.99,1,157,False
123,1341.992,1,657,False
124,1387.146,1,1013,False
127,1385.319,2,86,False
128,1401.018,2,586,False
129,1445.406,2,996,False
132,1456.627,3,455,True
133,1516.645,3,955,True
134,1578.711,3,1010,True
147,1594.317,1,428,True
148,1658.25,1,928,False
149,1724.304,1,1013,False
152,1731.854,2,212,True
153,1771.346,2,712,False
154,1837.998,2,996,False
156,1838.217,3,75,False
157,1867.557,3,575,False
158,1928.273,3,1010,False
161,1946.173,4,427,True
162,2003.9769999999999,4,927,False
163,2069.219,4,1010,False
170,2071.891,5,39,False
171,2100.7259999999997,5,539,True
172,2168.716,5,1013,True
176,2182.299,6,310,False
177,2231.621,6,810,False
178,2304.153,6,996,False
181,1910.142,7,489,False
182,1998.848,7,989,False
183,2069.614,7,1010,False
184,2073.639,8,52,False
185,2114.666,8,552,False
186,2198.192,8,1010,False
194,2042.5209999999997,5,249,False
195,2087.2090000000003,5,749,True
196,2145.679,5,1013,True
199,1994.454,6,189,False
200,2031.803,6,689,False
201,2096.7400000000002,6,996,False
204,2118.2349999999997,7,366,False
205,2181.3889999999997,7,866,False
206,2241.438,7,1010,False
208,2216.784,8,32,False
209,2242.429,8,532,False
210,2310.41,8,1010,True
219,2124.9669999999996,9,494,False
220,2207.509,9,994,False
221,2291.87,9,1013,False
224,2320.866,10,476,False
225,2427.753,10,976,False
226,2496.162,10,996,False
229,2520.9410000000003,11,438,False
230,2587.743,11,938,False
231,2668.497,11,1010,False
232,2675.828,12,24,False
233,2702.933,12,524,False
234,2784.2,12,1010,False
242,2783.358,9,241,True
243,2835.775,9,741,False
244,2917.575,9,1013,True
247,2910.955,10,2,False
248,2943.318,10,502,False
249,3023.031,10,996,False
252,3039.787,11,329,False
253,3091.6890000000003,11,829,False
254,3164.1780000000003,11,1010,False
256,3160.6459999999997,12,197,False
257,3196.977,12,697,False
258,3269.8740000000003,12,1010,False
267,3028.308,13,436,False
268,3093.529,13,936,False
269,3158.9100000000003,13,1013,False
271,3161.223,14,111,False
272,3189.8970000000004,14,611,False
273,3256.642,14,996,False
276,3270.543,15,374,False
277,3320.889,15,874,False
278,3393.3360000000002,15,1010,False
280,3373.366,16,220,False
281,3416.871,16,720,False
282,3504.4080000000004,16,1010,False
291,3530.253,13,458,False
292,3585.7619999999997,13,958,False
293,3629.348,13,1013,False
295,3266.08,14,124,False
296,3289.739,14,624,False
297,3368.3269999999998,14,996,False
300,3379.715,15,310,False
301,3432.301,15,810,False
302,3499.934,15,1010,False
304,3495.6040000000003,16,132,False
305,3529.529,16,632,False
306,3595.806,16,1010,True
315,3314.636,17,379,False
316,3375.029,17,879,False
317,3297.413,17,1013,False
320,3202.0719999999997,18,344,False
321,3263.5930000000003,18,844,False
322,3320.822,18,996,False
325,3333.8269999999998,19,322,False
326,3377.1270000000004,19,822,False
327,3419.565,19,1010,False
329,3429.358,20,356,False
330,3476.868,20,856,True
331,3539.212,20,1010,True
339,3248.7180000000003,21,391,False
340,3315.873,21,891,False
341,3405.0009999999997,21,1013,False
343,3321.702,22,70,False
344,3305.522,22,570,False
345,3367.3639999999996,22,996,False
348,3366.9829999999997,23,7,False
349,3392.874,23,507,False
350,3480.2360000000003,23,1007,False
351,3542.859,23,1010,False
353,3511.911,24,476,False
354,3570.326,24,976,False
355,3635.7059999999997,24,1010,False
363,3214.274,25,435,False
364,3271.944,25,935,True
365,3339.922,25,1013,True
368,3211.155,26,440,False
369,3277.666,26,940,False
370,3438.3759999999997,26,996,False
372,3498.26,27,336,False
373,3600.5539999999996,27,836,False
374,3708.702,27,1010,False
376,3761.761,28,206,False
377,3842.452,28,706,False
378,3947.648,28,1010,False
386,3615.586,29,248,False
387,3658.684,29,748,True
388,3727.6820000000002,29,1013,False
391,3580.177,30,126,False
392,3660.501,30,626,False
393,3823.41,30,996,False
396,3846.06,31,425,False
397,4007.6340000000005,31,925,True
398,4100.011,31,1010,True
400,4107.505,32,33,False
401,4130.996999999999,32,533,False
402,4208.409,32,1010,True
